{    "framerate":24,
    "images": ["assets/spritesheet-part1.png",
               "assets/spritesheet-part2.png",
               "assets/spritesheet-part3.png",
               "assets/spritesheet-part4.png"  ],
    "frames": [
        [   0, 256, 256, 256,   0],
        [1536,   0, 256, 256,   0],
        [ 256, 256, 256, 256,   0],
        [ 768, 256, 256, 256,   0],
        [ 256,   0, 256, 256,   0],
        [1536, 512, 512, 512,   0],
        [ 512, 512, 512, 512,   0],
        [1024, 512, 512, 512,   0],
        [   0, 512, 512, 512,   0],
        [   0,2304,1024,1024,   0],
        [   0,   0, 128, 128,   0],
        [   0,   0,  75,  75,   1],
        [   0,  75, 107, 168,   1],
        [   0,2304,1024,1024,   0],
        [   0,	 0,	256, 256,   2],
	    [ 256,	 0,	256, 256,   2],
	    [ 512,	 0,	256, 256,   2], 
	    [ 768,	 0, 256, 256,   2],
	    [1024,	 0, 256, 256,   2],
	    [1280,	 0, 256, 256,   2],
	    [1536,   0, 256, 256,   2],
	    [   0, 256, 256, 256,   2],
	    [ 256, 256, 256, 256,   2],
	    [ 512, 256, 256, 256,   2],
	    [ 768, 256, 256, 256,   2],
	    [1024, 256, 256, 256,   2],
	    [1280, 256, 256, 256,   2],
	    [1536, 256, 256, 256,   2],
	    [   0, 512, 256, 256,   2],
	    [ 256, 512, 256, 256,   2],
        [ 512, 512, 256, 256,   2],
        [ 768, 512, 256, 256,   2],
	    [1024, 512, 256, 256,   2],
	    [1280, 512, 256, 256,   2],
	    [1536, 512, 256, 256,   2],
	    [   0, 768, 256, 256,   2],
	    [ 256, 768, 256, 256,   2],
	    [ 512, 768, 256, 256,   2],
	    [ 768, 768, 256, 256,   2],
	    [1024, 768, 256, 256,   2],
	    [1280, 768,	256, 256,   2],
	    [1536, 768,	256, 256,   2],
	    [   0,1024, 256, 256,   2],
	    [ 256,1024, 256, 256,   2],
	    [ 512,1024, 256, 256,   2],
	    [ 768,1024, 256, 256,   2],
	    [1024,1024, 256, 256,   2],
	    [1280,1024, 256, 256,   2],
        [1024,2304,1024,1024,   0],  
        [ 128,   0, 128, 128,   0],
        [  72,1054, 480, 558,   0],
        [ 712,1054, 480, 558,   0],
        [1352,1054, 480, 558,   0],
        [  72,1694, 480, 558,   0],
        [ 712,1694, 480, 558,   0],
        [0	,0		,256,256,3],
        [256,0		,256,256,3],
        [512,0		,256,256,3],
        [768,0		,256,256,3],
        [0	,256	,256,256,3],
        [256,256	,256,256,3],
        [512,256	,256,256,3],
        [768,256	,256,256,3],
        [0	,512	,256,256,3],
        [256,512	,256,256,3],
        [512,512	,256,256,3],
        [768,512	,256,256,3],
        [0	,768	,256,256,3],
        [256,768	,256,256,3],
        [512,768	,256,256,3],
        [768,768	,256,256,3],
        [0	,1024,256,256, 3]
        
    ],
    "animations": {
        "butPlay":{
            "frames":[0,1],"speed":0.1},        
        "butOptions":{
            "frames":[2],"speed":0.1},
        "butCredits":{
            "frames":[3],"speed":0.1},
        "butExit":{
            "frames":[4],"speed":0.1},   
        "SpaceShip": {
            "frames": [5,6,7,8], "speed":0.1},
        "mother":{
            "frames": [9,48], "speed":0.009},
        "bullet":{
            "frames":[10], "speed":0.1},
        "bulletBoss":{
            "frames":[49], "speed":0.1},
        "asteroides":{
            "frames":[11], "speed":0.1},
        "grade":{
            "frames":[12], "speed":0.1},
        "boss":{
            "frames":[13], "speed":0.1},
        "redBoss":{
            "frames":[48], "speed":0.1},
        "bossLevel2":{
            "frames":[50,51,52,53,54], "speed":0.1},            
        "explosionSpaceShip":{
            "frames":[14,15,16,17,18,19,20,21,22,23,24,25,26,27,28,29,30],"speed":0.3},
        "explosionAsteroids":{
            "frames":[31,32,33,34,35,36,37,38,39,40,41,42,43,44,45,46,47],"speed":0.8},
        "explosionEnemy":{
            "frames":[55,56,57,58,59,60,61,62,63,64,65,66,67,68,69,70,71],"speed":0.3},
        "hitSpaceShip":{
            "frames":[14,15,16,17],"speed":0.3},
        "hitEnemy":{
            "frames":[55,56,57,58],"speed":0.3}
   
    },


    "texturepacker": [
        "SmartUpdateHash: $TexturePacker:SmartUpdate:315d977bf7eb3e898c6fee19087359cb$",
        "Created with TexturePacker (http://www.texturepacker.com) for EasalJS"
    ]
}
