{"frames": [

{
	"filename": "bullet.png",
	"frame": {"x":0,"y":0,"w":128,"h":128},
	"rotated": false,
	"trimmed": false,
	"spriteSourceSize": {"x":0,"y":0,"w":128,"h":128},
	"sourceSize": {"w":128,"h":128},
	"pivot": {"x":0.5,"y":0.5}
},
{
	"filename": "button-credits-blue.png",
	"frame": {"x":768,"y":256,"w":256,"h":256},
	"rotated": false,
	"trimmed": false,
	"spriteSourceSize": {"x":0,"y":0,"w":256,"h":256},
	"sourceSize": {"w":256,"h":256},
	"pivot": {"x":0.5,"y":0.5}
},
{
	"filename": "button-credits-red.png",
	"frame": {"x":512,"y":0,"w":256,"h":256},
	"rotated": false,
	"trimmed": false,
	"spriteSourceSize": {"x":0,"y":0,"w":256,"h":256},
	"sourceSize": {"w":256,"h":256},
	"pivot": {"x":0.5,"y":0.5}
},
{
	"filename": "button-exit-blue.png",
	"frame": {"x":256,"y":0,"w":256,"h":256},
	"rotated": false,
	"trimmed": false,
	"spriteSourceSize": {"x":0,"y":0,"w":256,"h":256},
	"sourceSize": {"w":256,"h":256},
	"pivot": {"x":0.5,"y":0.5}
},
{
	"filename": "button-exit-red.png",
	"frame": {"x":768,"y":0,"w":256,"h":256},
	"rotated": false,
	"trimmed": false,
	"spriteSourceSize": {"x":0,"y":0,"w":256,"h":256},
	"sourceSize": {"w":256,"h":256},
	"pivot": {"x":0.5,"y":0.5}
},
{
	"filename": "button-options-blue.png",
	"frame": {"x":256,"y":256,"w":256,"h":256},
	"rotated": false,
	"trimmed": false,
	"spriteSourceSize": {"x":0,"y":0,"w":256,"h":256},
	"sourceSize": {"w":256,"h":256},
	"pivot": {"x":0.5,"y":0.5}
},
{
	"filename": "button-options-red.png",
	"frame": {"x":1792,"y":0,"w":256,"h":256},
	"rotated": false,
	"trimmed": false,
	"spriteSourceSize": {"x":0,"y":0,"w":256,"h":256},
	"sourceSize": {"w":256,"h":256},
	"pivot": {"x":0.5,"y":0.5}
},
{
	"filename": "button-play-blue.png",
	"frame": {"x":0,"y":256,"w":256,"h":256},
	"rotated": false,
	"trimmed": false,
	"spriteSourceSize": {"x":0,"y":0,"w":256,"h":256},
	"sourceSize": {"w":256,"h":256},
	"pivot": {"x":0.5,"y":0.5}
},
{
	"filename": "button-play-red.png",
	"frame": {"x":1536,"y":0,"w":256,"h":256},
	"rotated": false,
	"trimmed": false,
	"spriteSourceSize": {"x":0,"y":0,"w":256,"h":256},
	"sourceSize": {"w":256,"h":256},
	"pivot": {"x":0.5,"y":0.5}
},
{
	"filename": "Inimigo-bomb-1.png",
	"frame": {"x":512,"y":256,"w":256,"h":256},
	"rotated": false,
	"trimmed": false,
	"spriteSourceSize": {"x":0,"y":0,"w":256,"h":256},
	"sourceSize": {"w":256,"h":256},
	"pivot": {"x":0.5,"y":0.5}
},
{
	"filename": "Inimigo-bomb-2.png",
	"frame": {"x":1024,"y":256,"w":256,"h":256},
	"rotated": false,
	"trimmed": false,
	"spriteSourceSize": {"x":0,"y":0,"w":256,"h":256},
	"sourceSize": {"w":256,"h":256},
	"pivot": {"x":0.5,"y":0.5}
},
{
	"filename": "inimigo-chefe.png",
	"frame": {"x":1024,"y":2304,"w":1024,"h":1024},
	"rotated": false,
	"trimmed": false,
	"spriteSourceSize": {"x":0,"y":0,"w":1024,"h":1024},
	"sourceSize": {"w":1024,"h":1024},
	"pivot": {"x":0.5,"y":0.5}
},
{
	"filename": "inimigo-fire-.png",
	"frame": {"x":128,"y":0,"w":128,"h":128},
	"rotated": false,
	"trimmed": false,
	"spriteSourceSize": {"x":0,"y":0,"w":128,"h":128},
	"sourceSize": {"w":128,"h":128},
	"pivot": {"x":0.5,"y":0.5}
},
{
	"filename": "inimigo-nave-1-1.png",
	"frame": {"x":640,"y":1664,"w":640,"h":640},
	"rotated": false,
	"trimmed": false,
	"spriteSourceSize": {"x":0,"y":0,"w":640,"h":640},
	"sourceSize": {"w":640,"h":640},
	"pivot": {"x":0.5,"y":0.5}
},
{
	"filename": "inimigo-nave-1-2.png",
	"frame": {"x":0,"y":1664,"w":640,"h":640},
	"rotated": false,
	"trimmed": false,
	"spriteSourceSize": {"x":0,"y":0,"w":640,"h":640},
	"sourceSize": {"w":640,"h":640},
	"pivot": {"x":0.5,"y":0.5}
},
{
	"filename": "inimigo-nave-1-3.png",
	"frame": {"x":1280,"y":1024,"w":640,"h":640},
	"rotated": false,
	"trimmed": false,
	"spriteSourceSize": {"x":0,"y":0,"w":640,"h":640},
	"sourceSize": {"w":640,"h":640},
	"pivot": {"x":0.5,"y":0.5}
},
{
	"filename": "inimigo-nave-1-4.png",
	"frame": {"x":640,"y":1024,"w":640,"h":640},
	"rotated": false,
	"trimmed": false,
	"spriteSourceSize": {"x":0,"y":0,"w":640,"h":640},
	"sourceSize": {"w":640,"h":640},
	"pivot": {"x":0.5,"y":0.5}
},
{
	"filename": "inimigo-nave-1-5.png",
	"frame": {"x":0,"y":1024,"w":640,"h":640},
	"rotated": false,
	"trimmed": false,
	"spriteSourceSize": {"x":0,"y":0,"w":640,"h":640},
	"sourceSize": {"w":640,"h":640},
	"pivot": {"x":0.5,"y":0.5}
},
{
	"filename": "mothership_blue.png",
	"frame": {"x":0,"y":2304,"w":1024,"h":1024},
	"rotated": false,
	"trimmed": false,
	"spriteSourceSize": {"x":0,"y":0,"w":1024,"h":1024},
	"sourceSize": {"w":1024,"h":1024},
	"pivot": {"x":0.5,"y":0.5}
},
{
	"filename": "Nave-1.png",
	"frame": {"x":1536,"y":512,"w":512,"h":512},
	"rotated": false,
	"trimmed": false,
	"spriteSourceSize": {"x":0,"y":0,"w":512,"h":512},
	"sourceSize": {"w":512,"h":512},
	"pivot": {"x":0.5,"y":0.5}
},
{
	"filename": "Nave-2.png",
	"frame": {"x":512,"y":512,"w":512,"h":512},
	"rotated": false,
	"trimmed": false,
	"spriteSourceSize": {"x":0,"y":0,"w":512,"h":512},
	"sourceSize": {"w":512,"h":512},
	"pivot": {"x":0.5,"y":0.5}
},
{
	"filename": "Nave-3.png",
	"frame": {"x":1024,"y":512,"w":512,"h":512},
	"rotated": false,
	"trimmed": false,
	"spriteSourceSize": {"x":0,"y":0,"w":512,"h":512},
	"sourceSize": {"w":512,"h":512},
	"pivot": {"x":0.5,"y":0.5}
},
{
	"filename": "Nave-4.png",
	"frame": {"x":0,"y":512,"w":512,"h":512},
	"rotated": false,
	"trimmed": false,
	"spriteSourceSize": {"x":0,"y":0,"w":512,"h":512},
	"sourceSize": {"w":512,"h":512},
	"pivot": {"x":0.5,"y":0.5}
},
{
	"filename": "play_buttons_pressed.png",
	"frame": {"x":1280,"y":0,"w":256,"h":256},
	"rotated": false,
	"trimmed": false,
	"spriteSourceSize": {"x":0,"y":0,"w":256,"h":256},
	"sourceSize": {"w":256,"h":256},
	"pivot": {"x":0.5,"y":0.5}
},
{
	"filename": "play_buttons_pressed_2.png",
	"frame": {"x":1024,"y":0,"w":256,"h":256},
	"rotated": false,
	"trimmed": false,
	"spriteSourceSize": {"x":0,"y":0,"w":256,"h":256},
	"sourceSize": {"w":256,"h":256},
	"pivot": {"x":0.5,"y":0.5}
},
{
	"filename": "SpaceBomb1.png",
	"frame": {"x":1280,"y":256,"w":256,"h":256},
	"rotated": false,
	"trimmed": false,
	"spriteSourceSize": {"x":0,"y":0,"w":256,"h":256},
	"sourceSize": {"w":256,"h":256},
	"pivot": {"x":0.5,"y":0.5}
},
{
	"filename": "SpaceBomb2.png",
	"frame": {"x":1792,"y":256,"w":256,"h":256},
	"rotated": false,
	"trimmed": false,
	"spriteSourceSize": {"x":0,"y":0,"w":256,"h":256},
	"sourceSize": {"w":256,"h":256},
	"pivot": {"x":0.5,"y":0.5}
},
{
	"filename": "SpaceBomb3.png",
	"frame": {"x":1536,"y":256,"w":256,"h":256},
	"rotated": false,
	"trimmed": false,
	"spriteSourceSize": {"x":0,"y":0,"w":256,"h":256},
	"sourceSize": {"w":256,"h":256},
	"pivot": {"x":0.5,"y":0.5}
}],
"meta": {
	"app": "http://www.codeandweb.com/texturepacker",
	"version": "1.0",
	"image": "spritesheet-part1.png",
	"format": "RGBA8888",
	"size": {"w":2048,"h":3328},
	"scale": "1",
	"smartupdate": "$TexturePacker:SmartUpdate:ac1205a274d7aad3033fedac47636794:ac431d1a5429d0af4c29ebd15f8a1f9a:84ddaef03049bf249f7fbfe33d26d0d8$"
}
}
