{"frames": [

{
	"filename": "1_0.png",
	"frame": {"x":0,"y":0,"w":256,"h":256},
	"rotated": false,
	"trimmed": false,
	"spriteSourceSize": {"x":0,"y":0,"w":256,"h":256},
	"sourceSize": {"w":256,"h":256},
	"pivot": {"x":0.5,"y":0.5}
},
{
	"filename": "1_1.png",
	"frame": {"x":256,"y":0,"w":256,"h":256},
	"rotated": false,
	"trimmed": false,
	"spriteSourceSize": {"x":0,"y":0,"w":256,"h":256},
	"sourceSize": {"w":256,"h":256},
	"pivot": {"x":0.5,"y":0.5}
},
{
	"filename": "1_2.png",
	"frame": {"x":512,"y":0,"w":256,"h":256},
	"rotated": false,
	"trimmed": false,
	"spriteSourceSize": {"x":0,"y":0,"w":256,"h":256},
	"sourceSize": {"w":256,"h":256},
	"pivot": {"x":0.5,"y":0.5}
},
{
	"filename": "1_3.png",
	"frame": {"x":768,"y":0,"w":256,"h":256},
	"rotated": false,
	"trimmed": false,
	"spriteSourceSize": {"x":0,"y":0,"w":256,"h":256},
	"sourceSize": {"w":256,"h":256},
	"pivot": {"x":0.5,"y":0.5}
},
{
	"filename": "1_4.png",
	"frame": {"x":0,"y":256,"w":256,"h":256},
	"rotated": false,
	"trimmed": false,
	"spriteSourceSize": {"x":0,"y":0,"w":256,"h":256},
	"sourceSize": {"w":256,"h":256},
	"pivot": {"x":0.5,"y":0.5}
},
{
	"filename": "1_5.png",
	"frame": {"x":256,"y":256,"w":256,"h":256},
	"rotated": false,
	"trimmed": false,
	"spriteSourceSize": {"x":0,"y":0,"w":256,"h":256},
	"sourceSize": {"w":256,"h":256},
	"pivot": {"x":0.5,"y":0.5}
},
{
	"filename": "1_6.png",
	"frame": {"x":512,"y":256,"w":256,"h":256},
	"rotated": false,
	"trimmed": false,
	"spriteSourceSize": {"x":0,"y":0,"w":256,"h":256},
	"sourceSize": {"w":256,"h":256},
	"pivot": {"x":0.5,"y":0.5}
},
{
	"filename": "1_7.png",
	"frame": {"x":768,"y":256,"w":256,"h":256},
	"rotated": false,
	"trimmed": false,
	"spriteSourceSize": {"x":0,"y":0,"w":256,"h":256},
	"sourceSize": {"w":256,"h":256},
	"pivot": {"x":0.5,"y":0.5}
},
{
	"filename": "1_8.png",
	"frame": {"x":0,"y":512,"w":256,"h":256},
	"rotated": false,
	"trimmed": false,
	"spriteSourceSize": {"x":0,"y":0,"w":256,"h":256},
	"sourceSize": {"w":256,"h":256},
	"pivot": {"x":0.5,"y":0.5}
},
{
	"filename": "1_9.png",
	"frame": {"x":256,"y":512,"w":256,"h":256},
	"rotated": false,
	"trimmed": false,
	"spriteSourceSize": {"x":0,"y":0,"w":256,"h":256},
	"sourceSize": {"w":256,"h":256},
	"pivot": {"x":0.5,"y":0.5}
},
{
	"filename": "1_10.png",
	"frame": {"x":512,"y":512,"w":256,"h":256},
	"rotated": false,
	"trimmed": false,
	"spriteSourceSize": {"x":0,"y":0,"w":256,"h":256},
	"sourceSize": {"w":256,"h":256},
	"pivot": {"x":0.5,"y":0.5}
},
{
	"filename": "1_11.png",
	"frame": {"x":768,"y":512,"w":256,"h":256},
	"rotated": false,
	"trimmed": false,
	"spriteSourceSize": {"x":0,"y":0,"w":256,"h":256},
	"sourceSize": {"w":256,"h":256},
	"pivot": {"x":0.5,"y":0.5}
},
{
	"filename": "1_12.png",
	"frame": {"x":0,"y":768,"w":256,"h":256},
	"rotated": false,
	"trimmed": false,
	"spriteSourceSize": {"x":0,"y":0,"w":256,"h":256},
	"sourceSize": {"w":256,"h":256},
	"pivot": {"x":0.5,"y":0.5}
},
{
	"filename": "1_13.png",
	"frame": {"x":256,"y":768,"w":256,"h":256},
	"rotated": false,
	"trimmed": false,
	"spriteSourceSize": {"x":0,"y":0,"w":256,"h":256},
	"sourceSize": {"w":256,"h":256},
	"pivot": {"x":0.5,"y":0.5}
},
{
	"filename": "1_14.png",
	"frame": {"x":512,"y":768,"w":256,"h":256},
	"rotated": false,
	"trimmed": false,
	"spriteSourceSize": {"x":0,"y":0,"w":256,"h":256},
	"sourceSize": {"w":256,"h":256},
	"pivot": {"x":0.5,"y":0.5}
},
{
	"filename": "1_15.png",
	"frame": {"x":768,"y":768,"w":256,"h":256},
	"rotated": false,
	"trimmed": false,
	"spriteSourceSize": {"x":0,"y":0,"w":256,"h":256},
	"sourceSize": {"w":256,"h":256},
	"pivot": {"x":0.5,"y":0.5}
},
{
	"filename": "1_16.png",
	"frame": {"x":0,"y":1024,"w":256,"h":256},
	"rotated": false,
	"trimmed": false,
	"spriteSourceSize": {"x":0,"y":0,"w":256,"h":256},
	"sourceSize": {"w":256,"h":256},
	"pivot": {"x":0.5,"y":0.5}
}],
"meta": {
	"app": "http://www.codeandweb.com/texturepacker",
	"version": "1.0",
	"image": "spritesheet-part4.png",
	"format": "RGBA8888",
	"size": {"w":1024,"h":1280},
	"scale": "1",
	"smartupdate": "$TexturePacker:SmartUpdate:253b0ac8bce380f3886da9f4f48af5a7:6d914459725021ba9315b0e9d6865274:6b014ba557bcaf4c804dd7a77c185f08$"
}
}
