{"frames": [

{
	"filename": "explosao-1.png",
	"frame": {"x":0,"y":0,"w":256,"h":256},
	"rotated": false,
	"trimmed": false,
	"spriteSourceSize": {"x":0,"y":0,"w":256,"h":256},
	"sourceSize": {"w":256,"h":256},
	"pivot": {"x":0.5,"y":0.5}
},
{
	"filename": "explosao-2.png",
	"frame": {"x":256,"y":0,"w":256,"h":256},
	"rotated": false,
	"trimmed": false,
	"spriteSourceSize": {"x":0,"y":0,"w":256,"h":256},
	"sourceSize": {"w":256,"h":256},
	"pivot": {"x":0.5,"y":0.5}
},
{
	"filename": "explosao-3.png",
	"frame": {"x":512,"y":0,"w":256,"h":256},
	"rotated": false,
	"trimmed": false,
	"spriteSourceSize": {"x":0,"y":0,"w":256,"h":256},
	"sourceSize": {"w":256,"h":256},
	"pivot": {"x":0.5,"y":0.5}
},
{
	"filename": "explosao-4.png",
	"frame": {"x":768,"y":0,"w":256,"h":256},
	"rotated": false,
	"trimmed": false,
	"spriteSourceSize": {"x":0,"y":0,"w":256,"h":256},
	"sourceSize": {"w":256,"h":256},
	"pivot": {"x":0.5,"y":0.5}
},
{
	"filename": "explosao-5.png",
	"frame": {"x":1024,"y":0,"w":256,"h":256},
	"rotated": false,
	"trimmed": false,
	"spriteSourceSize": {"x":0,"y":0,"w":256,"h":256},
	"sourceSize": {"w":256,"h":256},
	"pivot": {"x":0.5,"y":0.5}
},
{
	"filename": "explosao-6.png",
	"frame": {"x":1280,"y":0,"w":256,"h":256},
	"rotated": false,
	"trimmed": false,
	"spriteSourceSize": {"x":0,"y":0,"w":256,"h":256},
	"sourceSize": {"w":256,"h":256},
	"pivot": {"x":0.5,"y":0.5}
},
{
	"filename": "explosao-7.png",
	"frame": {"x":1536,"y":0,"w":256,"h":256},
	"rotated": false,
	"trimmed": false,
	"spriteSourceSize": {"x":0,"y":0,"w":256,"h":256},
	"sourceSize": {"w":256,"h":256},
	"pivot": {"x":0.5,"y":0.5}
},
{
	"filename": "explosao-8.png",
	"frame": {"x":0,"y":256,"w":256,"h":256},
	"rotated": false,
	"trimmed": false,
	"spriteSourceSize": {"x":0,"y":0,"w":256,"h":256},
	"sourceSize": {"w":256,"h":256},
	"pivot": {"x":0.5,"y":0.5}
},
{
	"filename": "explosao-9.png",
	"frame": {"x":256,"y":256,"w":256,"h":256},
	"rotated": false,
	"trimmed": false,
	"spriteSourceSize": {"x":0,"y":0,"w":256,"h":256},
	"sourceSize": {"w":256,"h":256},
	"pivot": {"x":0.5,"y":0.5}
},
{
	"filename": "explosao-10.png",
	"frame": {"x":512,"y":256,"w":256,"h":256},
	"rotated": false,
	"trimmed": false,
	"spriteSourceSize": {"x":0,"y":0,"w":256,"h":256},
	"sourceSize": {"w":256,"h":256},
	"pivot": {"x":0.5,"y":0.5}
},
{
	"filename": "explosao-11.png",
	"frame": {"x":768,"y":256,"w":256,"h":256},
	"rotated": false,
	"trimmed": false,
	"spriteSourceSize": {"x":0,"y":0,"w":256,"h":256},
	"sourceSize": {"w":256,"h":256},
	"pivot": {"x":0.5,"y":0.5}
},
{
	"filename": "explosao-12.png",
	"frame": {"x":1024,"y":256,"w":256,"h":256},
	"rotated": false,
	"trimmed": false,
	"spriteSourceSize": {"x":0,"y":0,"w":256,"h":256},
	"sourceSize": {"w":256,"h":256},
	"pivot": {"x":0.5,"y":0.5}
},
{
	"filename": "explosao-13.png",
	"frame": {"x":1280,"y":256,"w":256,"h":256},
	"rotated": false,
	"trimmed": false,
	"spriteSourceSize": {"x":0,"y":0,"w":256,"h":256},
	"sourceSize": {"w":256,"h":256},
	"pivot": {"x":0.5,"y":0.5}
},
{
	"filename": "explosao-14.png",
	"frame": {"x":1536,"y":256,"w":256,"h":256},
	"rotated": false,
	"trimmed": false,
	"spriteSourceSize": {"x":0,"y":0,"w":256,"h":256},
	"sourceSize": {"w":256,"h":256},
	"pivot": {"x":0.5,"y":0.5}
},
{
	"filename": "explosao-15.png",
	"frame": {"x":0,"y":512,"w":256,"h":256},
	"rotated": false,
	"trimmed": false,
	"spriteSourceSize": {"x":0,"y":0,"w":256,"h":256},
	"sourceSize": {"w":256,"h":256},
	"pivot": {"x":0.5,"y":0.5}
},
{
	"filename": "explosao-16.png",
	"frame": {"x":256,"y":512,"w":256,"h":256},
	"rotated": false,
	"trimmed": false,
	"spriteSourceSize": {"x":0,"y":0,"w":256,"h":256},
	"sourceSize": {"w":256,"h":256},
	"pivot": {"x":0.5,"y":0.5}
},
{
	"filename": "explosao-17.png",
	"frame": {"x":512,"y":512,"w":256,"h":256},
	"rotated": false,
	"trimmed": false,
	"spriteSourceSize": {"x":0,"y":0,"w":256,"h":256},
	"sourceSize": {"w":256,"h":256},
	"pivot": {"x":0.5,"y":0.5}
},
{
	"filename": "galaxy_0.png",
	"frame": {"x":768,"y":512,"w":256,"h":256},
	"rotated": false,
	"trimmed": false,
	"spriteSourceSize": {"x":0,"y":0,"w":256,"h":256},
	"sourceSize": {"w":256,"h":256},
	"pivot": {"x":0.5,"y":0.5}
},
{
	"filename": "galaxy_1.png",
	"frame": {"x":1024,"y":512,"w":256,"h":256},
	"rotated": false,
	"trimmed": false,
	"spriteSourceSize": {"x":0,"y":0,"w":256,"h":256},
	"sourceSize": {"w":256,"h":256},
	"pivot": {"x":0.5,"y":0.5}
},
{
	"filename": "galaxy_2.png",
	"frame": {"x":1280,"y":512,"w":256,"h":256},
	"rotated": false,
	"trimmed": false,
	"spriteSourceSize": {"x":0,"y":0,"w":256,"h":256},
	"sourceSize": {"w":256,"h":256},
	"pivot": {"x":0.5,"y":0.5}
},
{
	"filename": "galaxy_3.png",
	"frame": {"x":1536,"y":512,"w":256,"h":256},
	"rotated": false,
	"trimmed": false,
	"spriteSourceSize": {"x":0,"y":0,"w":256,"h":256},
	"sourceSize": {"w":256,"h":256},
	"pivot": {"x":0.5,"y":0.5}
},
{
	"filename": "galaxy_4.png",
	"frame": {"x":0,"y":768,"w":256,"h":256},
	"rotated": false,
	"trimmed": false,
	"spriteSourceSize": {"x":0,"y":0,"w":256,"h":256},
	"sourceSize": {"w":256,"h":256},
	"pivot": {"x":0.5,"y":0.5}
},
{
	"filename": "galaxy_5.png",
	"frame": {"x":256,"y":768,"w":256,"h":256},
	"rotated": false,
	"trimmed": false,
	"spriteSourceSize": {"x":0,"y":0,"w":256,"h":256},
	"sourceSize": {"w":256,"h":256},
	"pivot": {"x":0.5,"y":0.5}
},
{
	"filename": "galaxy_6.png",
	"frame": {"x":512,"y":768,"w":256,"h":256},
	"rotated": false,
	"trimmed": false,
	"spriteSourceSize": {"x":0,"y":0,"w":256,"h":256},
	"sourceSize": {"w":256,"h":256},
	"pivot": {"x":0.5,"y":0.5}
},
{
	"filename": "galaxy_7.png",
	"frame": {"x":768,"y":768,"w":256,"h":256},
	"rotated": false,
	"trimmed": false,
	"spriteSourceSize": {"x":0,"y":0,"w":256,"h":256},
	"sourceSize": {"w":256,"h":256},
	"pivot": {"x":0.5,"y":0.5}
},
{
	"filename": "galaxy_8.png",
	"frame": {"x":1024,"y":768,"w":256,"h":256},
	"rotated": false,
	"trimmed": false,
	"spriteSourceSize": {"x":0,"y":0,"w":256,"h":256},
	"sourceSize": {"w":256,"h":256},
	"pivot": {"x":0.5,"y":0.5}
},
{
	"filename": "galaxy_9.png",
	"frame": {"x":1280,"y":768,"w":256,"h":256},
	"rotated": false,
	"trimmed": false,
	"spriteSourceSize": {"x":0,"y":0,"w":256,"h":256},
	"sourceSize": {"w":256,"h":256},
	"pivot": {"x":0.5,"y":0.5}
},
{
	"filename": "galaxy_10.png",
	"frame": {"x":1536,"y":768,"w":256,"h":256},
	"rotated": false,
	"trimmed": false,
	"spriteSourceSize": {"x":0,"y":0,"w":256,"h":256},
	"sourceSize": {"w":256,"h":256},
	"pivot": {"x":0.5,"y":0.5}
},
{
	"filename": "galaxy_11.png",
	"frame": {"x":0,"y":1024,"w":256,"h":256},
	"rotated": false,
	"trimmed": false,
	"spriteSourceSize": {"x":0,"y":0,"w":256,"h":256},
	"sourceSize": {"w":256,"h":256},
	"pivot": {"x":0.5,"y":0.5}
},
{
	"filename": "galaxy_12.png",
	"frame": {"x":256,"y":1024,"w":256,"h":256},
	"rotated": false,
	"trimmed": false,
	"spriteSourceSize": {"x":0,"y":0,"w":256,"h":256},
	"sourceSize": {"w":256,"h":256},
	"pivot": {"x":0.5,"y":0.5}
},
{
	"filename": "galaxy_13.png",
	"frame": {"x":512,"y":1024,"w":256,"h":256},
	"rotated": false,
	"trimmed": false,
	"spriteSourceSize": {"x":0,"y":0,"w":256,"h":256},
	"sourceSize": {"w":256,"h":256},
	"pivot": {"x":0.5,"y":0.5}
},
{
	"filename": "galaxy_14.png",
	"frame": {"x":768,"y":1024,"w":256,"h":256},
	"rotated": false,
	"trimmed": false,
	"spriteSourceSize": {"x":0,"y":0,"w":256,"h":256},
	"sourceSize": {"w":256,"h":256},
	"pivot": {"x":0.5,"y":0.5}
},
{
	"filename": "galaxy_15.png",
	"frame": {"x":1024,"y":1024,"w":256,"h":256},
	"rotated": false,
	"trimmed": false,
	"spriteSourceSize": {"x":0,"y":0,"w":256,"h":256},
	"sourceSize": {"w":256,"h":256},
	"pivot": {"x":0.5,"y":0.5}
},
{
	"filename": "galaxy_16.png",
	"frame": {"x":1280,"y":1024,"w":256,"h":256},
	"rotated": false,
	"trimmed": false,
	"spriteSourceSize": {"x":0,"y":0,"w":256,"h":256},
	"sourceSize": {"w":256,"h":256},
	"pivot": {"x":0.5,"y":0.5}
}],
"meta": {
	"app": "http://www.codeandweb.com/texturepacker",
	"version": "1.0",
	"image": "spritesheet-part3.png",
	"format": "RGBA8888",
	"size": {"w":1792,"h":1280},
	"scale": "1",
	"smartupdate": "$TexturePacker:SmartUpdate:c926abbc6235ab32174f5aeeb9b10379:ae8aa6db732337db25a781c829d4297a:0b42e19d2b6b753ed841c1cd91bde2d9$"
}
}
